English_Term,Malayalam_Translation
abdominal pain,വയറുവേദന
abnormal,അസാധാരണമായ
abrasions,ചതവുകൾ
abscess,പഴുപ്പ് കെട്ടൽ
acid reflux,അസിഡിറ്റി
acidosis,അസിഡോസിസ്
acute relief,താൽക്കാലിക ആശ്വാസം
acute,ഗുരുതരമായ
activity,പ്രവർത്തനം
adhesion,ഒട്ടിച്ചേരൽ
administer,നൽകുക
adverse effect,പാർശ്വഫലം
allergic rhinitis,അലർജി മൂലമുള്ള മൂക്കൊലിപ്പ്
allergic,അലർജി
ambulatory,നടക്കാൻ കഴിയുന്ന
amlodipine,ആംലോഡിപിൻ
amputation,അവയവം മുറിച്ചുമാറ്റൽ
anemia,രക്തക്കുറവ്
anesthesia,മയക്കം നൽകൽ
aneurysm,ധമനിയിലെ വീക്കം
angina,നെഞ്ചുവേദന
angioplasty,ആൻജിയോപ്ലാസ്റ്റി
antibiotics,അണുബാധയ്ക്കുള്ള മരുന്നുകൾ
anticoagulant,രക്തം കട്ടപിടിക്കുന്നത് തടയുന്ന മരുന്ന്
antihypertensive,രക്തസമ്മർദ്ദത്തിനുള്ള
antiviral,വൈറസിനെതിരെയുള്ള
anxiety,ഉത്കണ്ഠ
aorta,മഹാധമനി
appendectomy,അപ്പെൻഡെക്റ്റമി
appetite,വിശപ്പ്
arrhythmia,താളം തെറ്റിയ ഹൃദയമിടിപ്പ്
artery,ധമനി
arthritis,വാതം
assessment,പരിശോധന
asthma,ആസ്ത്മ
asymptomatic,ലക്ഷണങ്ങളില്ലാത്ത
atrophy,പേശികൾ ശോഷിക്കുന്നത്
audible wheezing,പുറത്തേക്ക് കേൾക്കാവുന്ന തരത്തിലുള്ള വലിവ്
auscultation,പരിശോധന
autoimmune,പ്രതിരോധ വ്യവസ്ഥയുമായി ബന്ധപ്പെട്ട
avoid NSAIDs,വേദനസംഹാരികൾ ഒഴിവാക്കുക
avoid,ഒഴിവാക്കുക
axilla,കക്ഷം
backbone,നട്ടെല്ല്
bacterial infection,ബാക്ടീരിയ മൂലമുള്ള അണുബാധ
benign,അപകടകരമല്ലാത്ത
bilateral,രണ്ട് വശത്തും
bilirubin,ബിലിറൂബിൻ
biopsy,കോശപരിശോധന
bladder,മൂത്രസഞ്ചി
blood culture,രക്തപരിശോധന
blood pressure,രക്തസമ്മർദ്ദം
blood sugar,രക്തത്തിലെ പഞ്ചസാര
blood transfusion,രക്തം മാറ്റിവെക്കൽ
blurred vision,കാഴ്ച മങ്ങൽ
bone marrow,മജ്ജ
bradycardia,കുറഞ്ഞ ഹൃദയമിടിപ്പ്
breath,ശബ്ദം
bronchitis,ശ്യാസനാളിയിലെ വീക്കം
buttock,നിതംബം
calcium,കാൽസ്യം
capillary,സൂക്ഷ്മരക്തക്കുഴൽ
cardiac arrest,ഹൃദയസ്തംഭനം
cardiac health,ഹൃദയാരോഗ്യ സ്ഥിതി
cardiology,ഹൃദയരോഗ വിഭാഗം
cartilage,തരുണാസ്ഥി
catheter,ട്യൂബ്
cataract,തിമിരം
cavity,കുഴി
cellulitis,ത്വക്കിലെ അണുബാധ
cerebral,തലച്ചോറുമായി ബന്ധപ്പെട്ട
cervical,കഴുത്തിലെ
chest tightness,നെഞ്ചിൽ മുറുക്കം
chest,നെഞ്ച്
chills,വിറയൽ
chronic migraine,വിട്ടുമാറാത്ത മൈഗ്രേൻ
chronic sinusitis,വിട്ടുമാറാത്ത സൈനസൈറ്റിസ്
chronic,വിട്ടുമാറാത്ത
circulation,രക്തചംക്രമണം
cirrhosis,കരൾ വീക്കം
clinic,വിഭാഗം
clinical examination,ശാരീരിക പരിശോധന
clot,രക്തം കട്ടപിടിക്കൽ
cognitive,ബുദ്ധിപരമായ
colonoscopy,കുടൽ പരിശോധന
coma,അബോധാവസ്ഥ
complicate,സങ്കീർണ്ണമാക്കുന്നു
compliance,നിഷ്ഠയോടെയുള്ള മരുന്നുപയോഗം
concussion,തലയ്ക്കേറ്റ പരിക്ക്
confirmed,കണ്ടെത്തി
congenital,ജന്മനായുള്ള
congestion,മൂക്കടപ്പ്
conjunctivitis,കണ്ണുരോഗം
consistent,കൃത്യമായ
constipation,മലബന്ധം
consultation,ആലോചന
contagious,പകരുന്ന
contusion,ചതവ്
convulsions,അപസ്മാരം
cornea,കണ്ണിലെ പാളി
coronary,ഹൃദയാരോഗ്യം
cramp,പേശിവലിവ്
creatinine,ക്രിയാറ്റിനിൻ
crushing,കഠിനമായ
cyst,മുഴ
dark urine,കടും നിറത്തിലുള്ള മൂത്രം
deafness,ചെവി കേൾക്കാത്ത അവസ്ഥ
deceased,മരിച്ച
decreased GFR,വൃക്കയുടെ പ്രവർത്തനക്ഷമത കുറഞ്ഞ നിലയിൽ
decreased,കുറഞ്ഞ
deep vein thrombosis,സിരകളിലെ രക്തം കട്ടപിടിക്കൽ
deficiency,കുറവ്
dehydration,നിർജ്ജലീകരണം
dementia,മറവിരോഗം
department,വിഭാഗം
depression,വിഷാദം
dermatology,ത്വക്ക് രോഗ വിഭാഗം
diagnosis indicates,രോഗനിർണ്ണയ ഫലം സൂചിപ്പിക്കുന്നത്
diagnosed five years ago,അഞ്ച് വർഷം മുമ്പ് രോഗം സ്ഥിരീകരിച്ചു
diagnosed,രോഗം സ്ഥിരീകരിച്ചു
dialysis,ഡയാലിസിസ്
diaphoresis,വിയർപ്പ്
diarrhea,വയറിലക്കം
diet,ഭക്ഷണക്രമം
difficult to control,നിയന്ത്രിക്കാൻ ബുദ്ധിമുട്ടുള്ള
digestion,ദഹനം
dizziness,തലകറക്കം
doctor s note,ഡോക്ടറുടെ കുറിപ്പ്
doppler Ultrasound,ഡോപ്ലർ അൾട്രാസൗണ്ട്
double Vision,കാഴ്ച രണ്ടായി കാണുക
drainage,സ്രവം
drowsiness,മയക്കം
dVT,ഡി.വി.ടി
dyspnea,ശ്വാസംമുട്ടൽ
early signs,പ്രാരംഭ ലക്ഷണങ്ങൾ
echocardiogram,ഹൃദയ പരിശോധന
eczema,ത്വക്കിലെ ചൊറിച്ചിൽ
edema,നീര്
elderly,പ്രായമായ
electrocardiogram,ഇ.സി.ജി
elevated bilirubin,ബിലിറൂബിന്റെ അളവ് വർദ്ധിച്ച നിലയിൽ
elevated,വർദ്ധിച്ച
embolism,രക്തക്കുഴലിലെ തടസ്സം
emergency,അത്യാഹിത വിഭാഗം
endoscopy,എൻഡോസ്കോപ്പി
enzyme,എൻസൈം
epidemic,പകർച്ചവ്യാധി
epilepsy,അപസ്മാരം
epley maneuver,എപ്ലി മാനുവർ
erenumab,എറെനുമാബ്
essential hypertension,രക്തസമ്മർദ്ദം
evaluation,പരിശോധന
exertion,അമിതാധ്വാനം
eye exam,നേത്ര പരിശോധന
fainting,ബോധക്ഷയം
fallopian,ഗർഭപാത്ര നാളി
fatigue,ശക്തമായ ക്ഷീണം
febrile,പനി ഉള്ള അവസ്ഥ
fibrosis,കലകളുടെ തഴമ്പ്
findings,കണ്ടെത്തലുകൾ
first aid,പ്രഥമശുശ്രൂഷ
flu,പനി
fracture,അസ്ഥി ഒടിവ്
function,പ്രവർത്തനം
gallbladder,പിത്തസഞ്ചി
gastritis,ഗ്യാസ്ട്രൈറ്റിസ്
generic,സാധാരണമായ
geriatrics,വാർദ്ധക്യകാല ചികിത്സ
gestation,ഗർഭകാലം
gingivitis,മോണരോഗം
gland,ഗ്രന്ഥി
glaucoma,ഗ്ലോക്കോമ
glucose,ഗ്ലൂക്കോസ്
glycemic control,രക്തത്തിലെ പഞ്ചസാരയുടെ അളവ് നിയന്ത്രിക്കാൻ
gout,വാതം
growth,വളർച്ച
gums,മോണ
gynecology,സ്ത്രീരോഗ വിഭാഗം
hbA1c level,രക്തത്തിലെ പഞ്ചസാരയുടെ ശരാശരി അളവ്
healthy status,ആരോഗ്യവാനായ അവസ്ഥ
hearing aid,ശ്രവണ സഹായി
heart failure,ഹൃദയസ്തംഭനം
heartburn,നെഞ്ചെരിച്ചിൽ
hematoma,രക്തം കട്ടപിടിച്ച മുഴ
hemoglobin,ഹീമോഗ്ലോബിൻ
hemorrhage,രക്തസ്രാവം
hepatitis,ഹെപ്പറ്റൈറ്റിസ്
hernia,ഹെർണിയ
high blood pressure,ഉയർന്ന രക്തസമ്മർദ്ദം
hip,ഇടുപ്പ്
history of,രോഗചരിത്രമുണ്ട്
history,ചരിത്രം
hormone,ഹോർമോൺ
hospice,സാന്ത്വന ചികിത്സ
hospitalization,ആശുപത്രിയിൽ പ്രവേശിപ്പിക്കൽ
hydration,ശരീരത്തിലെ ജലാംശം
hypertension,ഉയർന്ന രക്തസമ്മർദ്ദം
hypoglycemic,പ്രമേഹത്തിനുള്ള മരുന്നുകൾ
hypothermia,ശരീരതാപം കുറയുന്ന അവസ്ഥ
hysterectomy,ഗർഭപാത്രം നീക്കം ചെയ്യൽ
immunity,രോഗപ്രതിരോധ ശേഷി
immunization,പ്രതിരോധ കുത്തിവെപ്പ്
immediately,ഉടൻ
incision,മുറിവ്
incontinence,മൂത്രം നിയന്ത്രിക്കാൻ കഴിയാത്ത അവസ്ഥ
incubation,രോഗം വളരുന്ന സമയം
indigestion,അജീർണ്ണം
infarction,ഹൃദയാഘാതം
infection,അണുബാധ
inflammation,വീക്കം
inhaler,ഇൻഹേലർ
inherited,പാരമ്പര്യമായ
injection,കുത്തിവെപ്പ്
injury,പരിക്ക്
insomnia,ഉറക്കമില്ലായ്മ
insulin,ഇൻസുലിൻ
intensive care,തീവ്രപരിചരണ വിഭാഗം
intervention,ഇടപെടൽ
intestine,കുടൽ
intravenous,ഞരമ്പിലൂടെയുള്ള
ischemia,രക്തയോട്ടം കുറയൽ
isolation,മാറ്റിപ്പാർപ്പിക്കൽ
iV fluids,ഞരമ്പിലൂടെയുള്ള ദ്രാവകം
jaundice,മഞ്ഞപ്പിത്തം
joint,സന്ധി
kidney stone,വൃക്കയിലെ കല്ല്
kidney,വൃക്ക
knee,മുട്ട്
known history,രോഗചരിത്രമുള്ള
labor,പ്രസവം
laboratory,ലബോറട്ടറി
laceration,ആഴത്തിലുള്ള മുറിവ്
lady,സ്ത്രീ
larynx,ശബ്ദനാളം
laxative,മലശോധനയ്ക്കുള്ള മരുന്ന്
lesion,ത്വക്കിലെ മാറ്റം
lethargy,തളർച്ച
leukemia,രക്തത്തിലെ കാൻസർ
lifestyle,ജീവിതശൈലി
ligament,ലിഗമെന്റ്
limit salt,ഉപ്പിന്റെ ഉപയോഗം കുറയ്ക്കുക
limit,നിയന്ത്രിക്കുക
limbs,അവയവങ്ങൾ
liver function,കരളിന്റെ പ്രവർത്തനം
liver,കരൾ
localized,ഒരു പ്രത്യേക ഭാഗത്തുള്ള
lower back pain,നടുവേദന
lower limbs,കാലുകൾ
lower right,താഴെ വലതുവശത്ത്
lumbar puncture,നട്ടെല്ലിലെ പരിശോധന
lumbar spine,നട്ടെല്ലിന്റെ താഴത്തെ ഭാഗം
lung cancer,ശ്വാസകോശ കാൻസർ
lung,ശ്വാസകോശം
lying,കിടക്കുക
lymph node,ലസികാഗ്രന്ഥി
malaise,അസ്വസ്ഥത
male,പുരുഷൻ
malignant,അപകടകാരിയായ
malnutrition,പോഷകാഹാരക്കുറവ്
management plan,ചികിത്സാ പദ്ധതി
management of,ചികിത്സയ്ക്കായി
meals,ഭക്ഷണം
medication,മരുന്ന്
medicine,മരുന്ന്
mellitus,മെലിറ്റസ്
mentions,സൂചിപ്പിച്ചു
metabolism,മെറ്റബോളിസം
metastasis,രോഗം പകരുന്നത്
migraine,മൈഗ്രേൻ
mild infection,നേരിയ അണുബാധ
mild,നേരിയ
monitoring,നിരീക്ഷണം
multiple therapies,വിവിധ ചികിത്സാരീതികൾ
muscle,പേശി
myocardial,ഹൃദയസംബന്ധിയായ
nausea,മനംപുരട്ടൽ
nebulization,നെബുലൈസേഷൻ
neck,കഴുത്ത്
necrosis,കോശങ്ങളുടെ മരണം
neonate,നവജാതശിശു
nephrology,വൃക്കരോഗ വിഭാഗം
nerve,നാഡി
neurology,നാഡീരോഗ വിഭാഗം
neuropathy,നാഡീരോഗം
neurosurgery,നാഡീശസ്ത്രക്രിയ
night,രാത്രി
non-proliferative,നോൺ-പ്രൊലിഫെറേറ്റീവ്
numbness,മരവിപ്പ്
nutrient,പോഷകം
nutrition,പോഷകാഹാരം
obesity,അമിതവണ്ണം
obstetrics,പ്രസവചികിത്സാ വിഭാഗം
obstruction,തടസ്സം
oncology,കാൻസർ രോഗ വിഭാഗം
operation,ശസ്ത്രക്രിയ
ophthalmology,നേത്രരോഗ വിഭാഗം
oral medication,കഴിക്കുന്ന മരുന്നുകൾ
organ,അവയവം
orthopedics,അസ്ഥിരോഗ വിഭാഗം
osteoporosis,അസ്ഥികൾ ബലഹീനമാകുന്നത്
otology,കർണ്ണരോഗ വിഭാഗം
outline,തയ്യാറാക്കുക
outpatient,ഒ.പി വിഭാഗം
ovary,അണ്ഡാശയം
overweight,അമിതഭാരം
oxygen saturation,രക്തത്തിലെ ഓക്സിജൻ്റെ അളവ്
oxygen,ഓക്സിജൻ
pacemaker,പേസ്മേക്കർ
pain,വേദന
pale stools,വിളറിയ നിറത്തിലുള്ള മലം
palliative,സാന്ത്വന ചികിത്സ
palpitations,നെഞ്ചിടിപ്പ്
pancreas,ആഗ്നേയഗ്രന്ഥി
pandemic,ആഗോള പകർച്ചവ്യാധി
pantoprazole,പാന്റോപ്രാസോൾ
paracetamol,പാരാസെറ്റമോൾ
paralysis,പക്ഷാഘാതം
parasite,പരാദജീവി
pedal,പാദങ്ങളിലെ
pediatrics,ശിശുരോഗ വിഭാഗം
pelvis,ഇടുപ്പ് ഭാഗം
penicillin,പെൻസിലിൻ
peptic ulcer,അൾസർ
peripheral,പെരിഫറൽ
persistent cough,വിട്ടുമാറാത്ത ചുമ
persistent,തുടർച്ചയായ
pharynx,തൊണ്ട
physical activity,കഠിനമായ വ്യായാമം
physical therapy,ഫിസിയോതെറാപ്പി
physician,ഡോക്ടർ
pitting edema,അമരുമ്പോൾ കുഴിയുണ്ടാകുന്ന നീര്
placebo,ഡമ്മി മരുന്ന്
plasma,പ്ലാസ്മ
pneumonia,ന്യുമോണിയ
poison,വിഷം
post-operative,ശസ്ത്രക്രിയയ്ക്ക് ശേഷമുള്ള
potassium,പൊട്ടാസ്യം
prednisone,പ്രെഡ്നിസോൺ
pregnancy,ഗർഭം
premature,മാസം തികയാത്ത
prescription,കുറിപ്പടി
presented with,ലക്ഷണങ്ങളോടെ എത്തി
pressure,മർദ്ദം
prevention,പ്രതിരോധം
primary care,പ്രായാമിക ചികിത്സ
prognosis,രോഗസാധ്യത
prostate,പ്രോസ്റ്റേറ്റ്
protein,പ്രോട്ടീൻ
proton-pump,മരുന്നുകൾ
pulse,നാഡിമിടിപ്പ്
pus,പഴുപ്പ്
quadrant,ഭാഗം
quarantine,ക്വാറന്റൈൻ
radiating to,വ്യാപിക്കുന്ന രീതിയിൽ
radiation,റേഡിയേഷൻ
radiology,റേഡിയോളജി വിഭാഗം
rash,തൊലിപ്പുറത്തെ തിണർപ്പ്
recovery,രോഗമുക്തി
rectum,മലദ്വാരം
redness,ചുവപ്പ് നിറം
reflux,തിരിച്ചുവരവ്
regurgitation,പുറത്തേക്ക് വരുക
rehabilitation,പുനരധിവാസം
relapse,രോഗം വീണ്ടും വരുന്നത്
relief,ആശ്വാസം
remission,താൽക്കാലിക ആശ്വാസം
renal diet,വൃക്കയുടെ ആരോഗ്യത്തിനായുള്ള ഭക്ഷണക്രമം
renal,വൃക്കസംബന്ധമായ
reports,സൂചിപ്പിച്ചു
respiration,ശ്വാസകോശ പ്രവർത്തനം
respiratory status,ശ്വസന നില
respiratory,ശ്വസന
resuscitation,ജീവൻ രക്ഷിക്കാനുള്ള ശ്രമം
retina,റെറ്റിന
retinopathy,റെറ്റിനോപ്പതി
revealed,കണ്ടെത്തി
rheumatism,വാതം
rule out,സാധ്യത പരിശോധിക്കാൻ
rupture,പൊട്ടൽ
saline,സലൈൻ
saliva,ഉമിനീർ
salt,ഉപ്പ്
scattered,വിവിധ ഭാഗങ്ങളിലായുള്ള
schizophrenia,മാനസിക വിഭ്രാന്തി
sciatica,സയാറ്റിക്ക
sclerosis,കലകളുടെ കടുപ്പം
screening,പരിശോധന
sedative,ഉറക്കഗുളിക
sedentary,വ്യായാമമില്ലാത്ത
seizure,അപസ്മാരം
sepsis,രക്തത്തിലെ അണുബാധ
serum creatinine,രക്തത്തിലെ ക്രിയാറ്റിനിൻ
severe persistent asthma,കഠിനമായ ആസ്ത്മ
severe,കഠിനമായ
shivering,വിറയൽ
shock,ഷോക്ക്
shortness,കുറവ്
side effect,പാർശ്വഫലം
significant issues,പ്രധാനപ്പെട്ട ആരോഗ്യപ്രശ്നങ്ങൾ
sinus,സൈനസ്
skin,ത്വക്ക്
sleep apnea,ഉറക്കത്തിലെ ശ്വാസതടസ്സം
sneezing,തുമ്മൽ
sodium,സോഡിയം
spasm,പേശിവലിവ്
specialist,വിദഗ്ദ്ധൻ
speech therapy,സംസാര വൈകല്യ ചികിത്സ
spicy,എരിവുള്ള
spinal cord,സുഷുമ്നാനാഡി
spine,നട്ടെല്ല്
spleen,പ്ലീഹ
sputum,കഫം
stent,സ്റ്റെന്റ്
sterile,അണുവിമുക്തമായ
stethoscope,സ്റ്റെതസ്കോപ്പ്
stiffness,കടുപ്പം
stimulant,ഉത്തേജകം
stomach,വയർ
stools,മലം
strain,പേശി ആയാസം
strep throat,തൊണ്ടയിലെ അണുബാധ
stress,സമ്മർദ്ദം
stroke,പക്ഷാഘാതം
struggling with,ബുദ്ധിമുട്ടുന്നു
stye,കണ്ണിലെ കുരു
suppository,ഗുദമാർഗ്ഗം നൽകുന്ന മരുന്ന്
surgery,ശസ്ത്രക്രിയ
surgical,ശസ്ത്രക്രിയ
suture,തുന്നൽ
swelling,വീക്കം
symptom,ലക്ഷണം
syncope,ബോധക്ഷയം
syndrome,ലക്ഷണങ്ങളുടെ കൂട്ടം
syringe,സിറിഞ്ച്
systemic,ശരീരത്തെ മുഴുവൻ ബാധിക്കുന്ന
tachycardia,കൂടിയ ഹൃദയമിടിപ്പ്
temperature,താപനില
tenderness,തൊടുമ്പോൾ അനുഭവപ്പെടുന്ന വേദന
tendon,ടെൻഡൺ
terminal,മാരകമായ
test,പരിശോധന
therapy,ചികിത്സ
thigh,തുട
throat,തൊണ്ട
thrombosis,രക്തം കട്ടപിടിക്കൽ
thyroid,തൈറോയ്ഡ്
tics,പേശികളുടെ ചലനം
tissue,കലകൾ
tolerance,സഹനശേഷി
tonsillitis,ടോൺസിലൈറ്റിസ്
topical,ത്വക്കിൽ പുരട്ടുന്ന
toxic,വിഷാംശമുള്ള
traditional,പരമ്പരാഗത
transfusion,രക്തം നൽകൽ
transplant,മാറ്റിവെക്കൽ
trauma,പരിക്ക്
treatment plan,ചികിത്സാ പദ്ധതി
tremor,വിറയൽ
tumor,മുഴ
type 2 diabetes,ടൈപ്പ് 2 പ്രമേഹം
ulcer,വ്രണം
ultrasound,അൾട്രാസൗണ്ട്
unconscious,അബോധാവസ്ഥ
underlying,അടിസ്ഥാനപരമായ
underwent,വിധേയനായി
urgent,അടിയന്തിര
urine,മൂത്രം
urology,മൂത്രരോഗ വിഭാഗം
uterus,ഗർഭപാത്രം
vaccination,കുത്തിവെപ്പ്
valve,വാൽവ്
varicose veins,വാരിക്കോസ് വെയിൻ
vascular,രക്തക്കുഴലുകളുമായി ബന്ധപ്പെട്ട
vein,സിര
ventricle,വെൻട്രിക്കിൾ
vertigo,തലകറക്കം
vestibular rehabilitation,വെസ്റ്റിബുലാർ പുനരധിവാസം
vial,മരുന്ന് കുപ്പി
viral infection,വൈറസ് അണുബാധ
virus,വൈറസ്
vision,കാഴ്ച
vomiting,ഛർദ്ദി
weakness,തളർച്ച
wheezing,വലിവ്
wound,മുറിവ്
wrist,മണിബന്ധം
x-ray,എക്സ്-റേ
yellowish,മഞ്ഞനിറത്തിലുള്ള
stable,നില മെച്ചപ്പെട്ടു
unstable,ഗുരുതരാവസ്ഥയിൽ
tolerated well,പ്രശ്നങ്ങളില്ലാതെ പൂർത്തിയാക്കി
as needed,ആവശ്യമെങ്കിൽ മാത്രം
bed rest,വിശ്രമം ആവശ്യമാണ്
follow instructions,നിർദ്ദേശങ്ങൾ പാലിക്കുക
discharged,ഡിസ്ചാർജ് ചെയ്തു
admitted,അഡ്മിറ്റ് ചെയ്തു
heart Rate,ഹൃദയമിടിപ്പ്
on room air,സാധാരണ നിലയിൽ
neurology clinic,ന്യൂറോളജി ക്ലിനിക്ക്
persistent knee pain,വിട്ടുമാറാത്ത മുട്ടുവേദന
climbing stairs,പടികൾ കയറുമ്പോൾ
walking long distances,ദീർഘദൂരം നടക്കുമ്പോൾ
Early-stage Osteoarthritis,പ്രാരംഭ ഘട്ടത്തിലുള്ള ഓസ്റ്റിയോ ആർത്രൈറ്റിസ്
Osteoarthritis,ഓസ്റ്റിയോ ആർത്രൈറ്റിസ്
knee pain,മുട്ടുവേദന
reported,റിപ്പോർട്ട് ചെയ്തു
high-grade fever,കടുത്ത പനി
sore throat,തൊണ്ടവേദന
difficulty swallowing,ഭക്ഷണം ഇറക്കാൻ പ്രയാസം
neck pain,കഴുത്തു വേദന
stiff neck,കഴുത്തിന് പിടുത്തം
early-stage,പ്രാരംഭ ഘട്ടത്തിലുള്ള
white patches,വെള്ള പാടുകൾ
enlarged tonsils,വീർത്ത ടോൺസിൽസ്
Acute Tonsillitis,അക്യൂട്ട് ടോൺസിലൈറ്റിസ്
full course,മരുന്നിന്റെ പൂർണ്ണ അളവ്
salt water gargling,ഉപ്പുവെള്ളം കവിൾക്കൊള്ളുന്നത്
subside,കുറയുക
medical review,ഡോക്ടറെ കാണുക
vital signs,ശാരീരിക ലക്ഷണങ്ങൾ
normal range,സാധാരണ നിലയിൽ
within limits,പരിധിക്കുള്ളിൽ
observation,നിരീക്ഷണം
referred to,വിദഗ്ദ്ധ പരിശോധനയ്ക്ക് നിർദ്ദേശിച്ചു
chief complaint,പ്രധാന ശാരീരിക ബുദ്ധിമുട്ട്
vestibular rehabilitation exercises,വെസ്റ്റിബുലാർ പുനരധിവാസ വ്യായാമങ്ങൾ
duration,കാലയളവ്
nerve block,നാഡി ബ്ലോക്ക്
HbA1c level,HbA1c ലെവൽ
progression,രോഗത്തിന്റെ മാറ്റം
risk factors,രോഗസാധ്യത വർദ്ധിപ്പിക്കുന്ന ഘടകങ്ങൾ
social history,സാമൂഹിക പശ്ചാത്തലം
mild peripheral neuropathy,പെരിഫറൽ ന്യൂറോപ്പതി
respiratory clinic,ശ്വസന സംബന്ധമായ ക്ലിനിക്കിൽ
active lifestyle,സജീവമായ ജീവിതശൈലി
cardiac health status,ഹൃദയാരോഗ്യ സ്ഥിതി
discharge summary,ഡിസ്ചാർജ് സംഗ്രഹം
dosage,മരുന്ന് അളവ്
drug allergy,മരുന്ന് അലർജി
dry cough,വരണ്ട ചുമ
family history,കുടുംബ രോഗചരിത്രം
fluid retention,ദ്രാവക ശേഖരണം
food poisoning,ഭക്ഷ്യവിഷബാധ
gastroenteritis,വയറ്റിളക്ക രോഗം
genetic disorder,ജനിതക രോഗം
immune system,പ്രതിരോധ വ്യവസ്ഥ
incurable,മാറ്റാനാകാത്ത
loss of appetite,വിശപ്പില്ലായ്മ
metabolic syndrome,മെറ്റബോളിക് സിൻഡ്രോം
oral hygiene,വായ്ശുചിത്വം
organ donation,അവയവ ദാനം
pelvic pain,ഇടുപ്പുവേദന
platelet count,പ്ലേറ്റ്ലെറ്റ് എണ്ണം
reproductive system,പ്രജനന വ്യവസ്ഥ
screening test,സ്ക്രീനിംഗ് പരിശോധന
skin allergy,ത്വക്ക് അലർജി
slipped disc,ഡിസ്‌ക് തെറ്റൽ
spinal injury,നട്ടെല്ല് പരിക്ക്
stomach ulcer,വയറ്റിലെ അൾസർ
surgical wound,ശസ്ത്രക്രിയ മുറിവ്
swab test,സ്വാബ് പരിശോധന
thyroid gland,തൈറോയ്ഡ് ഗ്രന്ഥി
side effects,പാർശ്വഫലങ്ങൾ
no medication,മരുന്നുകളൊന്നും
prescribed,നിർദ്ദേശിച്ചിട്ടില്ല
at present,നിലവിൽ
absence of,അഭാവം
vitals,ജീവാധാര ലക്ഷണങ്ങൾ
physical Examination,ശാരീരിക പരിശോധന
throbbing headache,അമിതമായ തലവേദന
Essential Hypertension,രക്താതിമർദ്ദം
bilateral pedal edema,രണ്ട് കാലുകളിലും നീർവീക്കം
പാപപ്രവർത്തകത്വം,സൈനസൈറ്റിസ്
ബാഡ്മിന്റൺ,ഓക്സിജൻ്റെ അളവ്
വിഷാദരോഗവും വയറിളക്കവും,തലകറക്കം
മാനേജ്മെന്റ് മാനേജ്മെന്റിൽ,ചികിത്സയുടെ ഭാഗമായി
പരാമീറ്റലിനും,പാരസെറ്റമോളിനും
നിർവചിക്കപ്പെടുന്നില്ല,നിർദ്ദേശിച്ചിട്ടില്ല
ആർദ്രത,തൊടുമ്പോഴുള്ള വേദന
അലർജിയുടെ ചരിത്രവും,അലർജി സംബന്ധമായ അസുഖങ്ങളും
രോഗനിർണ്ണയം നടത്തി,കണ്ടെത്തി
അൽബർ,നടുവിലെ
systolic pressure,സിസ്റ്റോളിക് മർദ്ദം
diastolic pressure,ഡയസ്റ്റോളിക് മർദ്ദം
respiratory rate,ശ്വസന നിരക്ക്
oxygen saturation level,രക്തത്തിലെ ഓക്സിജന്റെ അളവ്
fasting blood sugar,ഭക്ഷണം കഴിക്കുന്നതിന് മുൻപുള്ള പഞ്ചസാരയുടെ അളവ്
postprandial blood sugar,ഭക്ഷണത്തിന് ശേഷമുള്ള പഞ്ചസാരയുടെ അളവ്
lipid profile,കൊഴുപ്പിന്റെ അളവ് പരിശോധിക്കുന്ന ടെസ്റ്റ്
thyroid function test,തൈറോയ്ഡ് പരിശോധന
complete blood count,രക്തകോശങ്ങളുടെ ആകെ എണ്ണം
liver enzymes,കരൾ എൻസൈമുകൾ
renal function test,വൃക്കയുടെ പ്രവർത്തന പരിശോധന
uiralysis,മൂത്രപരിശോധന
c-reactive protein,സി-റിയാക്ടീവ് പ്രോട്ടീൻ
erythrocyte sedimentation rate,ഇ.എസ്.ആർ (ESR)
tuberculin skin test,ക്ഷയരോഗ പരിശോധന
chronic obstructive pulmonary disease,വിട്ടുമാറാത്ത ശ്വാസകോശ തടസ്സരോഗം (COPD)
congestive heart failure,ഹൃദയസ്തംഭനം
rheumatoid arthritis,വാതം 
peptic ulcer disease,അൾസർ
irritable bowel syndrome,ഐ.ബി.എസ് (കുടൽ സംബന്ധമായ അസുഖം)
polycystic ovary syndrome,പി.സി.ഓ.എസ് (അണ്ഡാശയത്തിലെ മുഴകൾ)
benign prostatic hyperplasia,പ്രോസ്റ്റേറ്റ് ഗ്രന്ഥിയുടെ വീക്കം
alzheimer s disease,അൽഷിമേഴ്സ് (മറവിരോഗം)
parkinson s disease,പാർക്കിൻസൺസ് രോഗം
hypothyroidism,തൈറോയ്ഡ് കുറഞ്ഞ അവസ്ഥ
hyperthyroidism,തൈറോയ്ഡ് കൂടിയ അവസ്ഥ
piles,മൂലക്കുരു
kidney stones,വൃക്കയിലെ കല്ല്
palpable mass,തൊട്ടുനോക്കുമ്പോൾ അനുഭവപ്പെടുന്ന മുഴ
burning sensation,നീറ്റൽ
tingling sensation,തരിപ്പ്
sharp pain,ശക്തമായ വേദന
dull ache,നേരിയ വേദന
bloody stools,മലത്തിലൂടെ രക്തം പോകുക
productive cough,കഫത്തോടു കൂടിയ ചുമ
nocturnal cough,രാത്രികാലങ്ങളിലെ ചുമ
shortness of breath,ശ്വാസംമുട്ടൽ
swollen lymph nodes,ലസികാഗ്രന്ഥികളിലെ വീക്കം
unexplained weight loss,കാരണമില്ലാതെ ഭാരം കുറയുക
loss of smell,മണം ലഭിക്കാത്ത അവസ്ഥ
loss of taste,രുചി അറിയാത്ത അവസ്ഥ
surgical intervention,ശസ്ത്രക്രിയ വഴിയുള്ള ഇടപെടൽ
conservative management,മരുന്നുകളിലൂടെയുള്ള ചികിത്സ
palliative care,സാന്ത്വന ചികിത്സ
intensive care unit,തീവ്രപരിചരണ വിഭാഗം
emergency department,അത്യാഹിത വിഭാഗം
outpatient department,ഒ.പി. വിഭാഗം
inpatient department,ഐ.പി. വിഭാഗം
follow-up visit,തുടർ പരിശോധന
idiopathic,കാരണമറിയാത്ത
asymptomatic carrier,രോഗലക്ഷണങ്ങളില്ലാത്ത രോഗവാഹി
pathogenic,രോഗമുണ്ടാക്കുന്ന
systemic infection,ശരീരത്തെ മുഴുവൻ ബാധിക്കുന്ന അണുബാധ
localized infection,ഒരു ഭാഗത്ത് മാത്രമുള്ള അണുബാധ
rehabilitation therapy,പുനരധിവാസ ചികിത്സ
biopsy results,കോശപരിശോധനാ ഫലം
benign tumor,അപകടകരമല്ലാത്ത മുഴ
malignant tumor,അപകടകാരിയായ മുഴ
metastatic cancer,ശരീരത്തിന്റെ മറ്റ് ഭാഗങ്ങളിലേക്ക് പടർന്ന കാൻസർ
blood group,രക്തഗ്രൂപ്പ്
universal donor,ഏതൊരാൾക്കും രക്തം നൽകാവുന്ന വ്യക്തി
universal recipient,ഏതൊരാളിൽ നിന്നും രക്തം സ്വീകരിക്കാവുന്ന വ്യക്തി
trauma center,അത്യാഹിത ചികിത്സാ കേന്ദ്രം
first-degree burn,നേരിയ പൊള്ളൽ
referral,മറ്റൊരു ഡോക്ടറുടെ അടുത്തേക്ക് നിർദ്ദേശിക്കൽ
dosage schedule,മരുന്ന് കഴിക്കേണ്ട സമയം
side effect profile,പാർശ്വഫലങ്ങളെക്കുറിച്ചുള്ള വിവരങ്ങൾ
clinical trials,വൈദ്യശാസ്ത്ര പഠനങ്ങൾ
informed consent,സമ്മതപത്രം
blurred vision,കാഴ്ച മങ്ങൽ
ബിസിനസ് നെറ്റ് വർക്കിന്റെ,നാഡി
നെഗറ്റീവ് ബ്ലോക്കുകളും,ബ്ലോക്കുകളും 
നെഗറ്റീവ് ബ്ലോക്ക്,നാഡി ബ്ലോക്ക്
മിഗ്രിഡ്,മൈഗ്രേൻ
തന്മാത്രകളെ,ചികിത്സാരീതികളെ
മിഗ്രിഡ്,മൈഗ്രേൻ
തന്മാത്രകളെ,ചികിത്സാരീതികളെ
ബിസിനസ് നെറ്റ് വർക്കിന്റെ നെഗറ്റീവ് ബ്ലോക്കുകളും,ഇരുവശങ്ങളിലുമുള്ള നാഡി ബ്ലോക്കുകളും
സ്ഥായിയായ,വിട്ടുമാറാത്ത
ലഭിച്ചിരുന്നു,നൽകിയിരുന്നു
good health,നല്ല ആരോഗ്യം
immediate concerns,അടിയന്തിര ആരോഗ്യ പ്രശ്നങ്ങൾ
no significant issues,പ്രധാനപ്പെട്ട ആരോഗ്യപ്രശ്നങ്ങളൊന്നും
significant issues detected,പ്രധാനപ്പെട്ട രോഗലക്ഷണങ്ങൾ കണ്ടെത്തിയിട്ടില്ല
ആസ്പത്രി അടിസ്ഥാനമാക്കി,പരിശോധനയുടെ അടിസ്ഥാനത്തിൽ
ഡയഗൊണൊനിസിസ്,രോഗനിർണ്ണയം 
ആരോഗ്യാവഹമായ ഒരു പദവിയാണ്,ആരോഗ്യവാനായ അവസ്ഥയാണെന്ന്
ഏതെങ്കിലും ചികിത്സാരീതികളുടെ അഭാവത്തിൽ,രോഗലക്ഷണങ്ങൾ ഇല്ലാത്തതിനാൽ
മരുന്നുകൾ ഇന്നുള്ളപ്പോൾ നിർദ്ദേശിച്ചിട്ടില്ല,നിലവിൽ മരുന്നുകളൊന്നും നിർദ്ദേശിച്ചിട്ടില്ല
പ്രധാനപ്പെട്ട ഒരു വിവരവും,പ്രധാനപ്പെട്ട ആരോഗ്യപ്രശ്നങ്ങളൊന്നും
diagnosis indicates,രോഗനിർണ്ണയം സൂചിപ്പിക്കുന്നത്
healthy status,ആരോഗ്യവാനായ അവസ്ഥ
underlying health issues,അടിസ്ഥാനപരമായ ആരോഗ്യപ്രശ്നങ്ങൾ
absence of,അഭാവം
no medication is prescribed,മരുന്നുകളൊന്നും നിർദ്ദേശിച്ചിട്ടില്ല
at present,നിലവിൽ
no evidence of,ലക്ഷണങ്ങളൊന്നും കണ്ടെത്താനായില്ല
during the examination,പരിശോധനാ സമയത്ത്
glycemic control,രക്തത്തിലെ പഞ്ചസാരയുടെ അളവ് നിയന്ത്രിക്കാൻ
mild peripheral neuropathy,നാഡികളെ ബാധിക്കുന്ന നേരിയ രോഗാവസ്ഥ 
non-proliferative retinopathy,നോൺ-പ്രൊലിഫെറേറ്റീവ് റെറ്റിനോപ്പതി
eye exam revealed,നേത്ര പരിശോധനയിൽ കണ്ടെത്തി
diagnosed,രോഗം സ്ഥിരീകരിച്ചത്
ജിവിത നിയന്ത്രണവുമായി മല്ലിടുകയാണ്,പ്രമേഹ നിയന്ത്രണത്തിൽ ബുദ്ധിമുട്ടുന്നു
പ്രത്യയശാസ്ത്രമില്ലാത്തതിന്റെ,റെറ്റിനോപ്പതിയുടെ
കണ്ണിന്റെ പരീക്ഷ,നേത്ര പരിശോധനയിൽ
ventricular hypertrophy,ഹൃദയഭിത്തിയുടെ കനം കൂടുന്ന അവസ്ഥ
atrial fibrillation,ക്രമരഹിതമായ ഹൃദയമിടിപ്പ് 
valve prolapse,വാൽവ് താഴേക്ക് ഇറങ്ങുന്ന അവസ്ഥ
ejection fraction,ഹൃദയത്തിന്റെ പമ്പിംഗ് ശേഷി
atherosclerosis,ധമനികളിൽ കൊഴുപ്പ് അടിഞ്ഞുകൂടൽ
myocardial infarction,ഹൃദയാഘാതം
stent placement,സ്റ്റെന്റ് സ്ഥാപിക്കൽ
രക്തസമ്മർദം,രക്തസമ്മർദ്ദം
പനിയുടെ കുറവിനായി,പനിയ്ക്കുള്ള
വിശേഷിച്ചും,പ്രത്യേകിച്ചും
രണ്ടായി കാണുന്നതോ,കാഴ്ച മങ്ങുകയോ രണ്ടായി കാണുകയോ
കടുത്തലവേദനയോ,കടുത്ത തലവേദനയോ
ഡോക് ടറുടെ,ഡോക്ടറുടെ
carotid artery,കഴുത്തിലെ പ്രധാന ധമനി
herniated disc,ഡിസ്ക് തള്ളിവരുന്ന അവസ്ഥ
spinal stenosis,നട്ടെല്ലിലെ സുഷിരം ഇടുങ്ങുന്ന അവസ്ഥ
ligament tear,ലിഗമെന്റിലെ പൊട്ടൽ
muscle atrophy,പേശികൾ ശോഷിക്കുന്നത്
sciatica pain,സയാറ്റിക്ക നാഡിയിലെ വേദന
seizure disorder,അപസ്മാര രോഗം
cerebrovascular accident,പക്ഷാഘാതം 
concussion symptoms,തലയ്ക്കേറ്റ പരിക്കിന്റെ ലക്ഷണങ്ങൾ
white blood cell count,ശ്വേത രക്താണുക്കളുടെ എണ്ണം
platelet deficiency,പ്ലേറ്റ്ലെറ്റുകളുടെ കുറവ്
renal failure,വൃക്കയുടെ പ്രവർത്തനക്ഷയം
liver cirrhosis,കരൾ വീക്കം 
biopsy report,കോശപരിശോധനാ ഫലം
culture and sensitivity,അണുബാധയും മരുന്ന് പരിശോധനയും
electrolyte imbalance,ശരീരത്തിലെ ലവണങ്ങളുടെ അസന്തുലിതാവസ്ഥ
high cholesterol,കൊളസ്‌ട്രോളിന്റെ അളവ് കൂടുതൽ
profuse sweating,അമിതമായി വിയർക്കുക
chest heaviness,നെഞ്ചിൽ ഭാരവും അസ്വസ്ഥതയും
intermittent pain,ഇടവിട്ടുണ്ടാകുന്ന വേദന
swelling in feet,പാദങ്ങളിലെ നീർവീക്കം
loss of consciousness,ബോധക്ഷയം
radiating pain,മറ്റ് ഭാഗങ്ങളിലേക്ക് പടരുന്ന വേദന
numbness and tingling,മരവിപ്പും തരിപ്പും
severe dehydration,ശരീരത്തിൽ ജലാംശം വല്ലാതെ കുറയുക
ജീവിതത്തിന്റെ നിയന്ത്രണം,പ്രമേഹ നിയന്ത്രണം 
പ്രത്യയശാസ്ത്രമില്ലാത്ത,നോൺ-പ്രൊലിഫെറേറ്റീവ്
കണ്ണിന്റെ പരീക്ഷണം,നേത്ര പരിശോധന 
നാഡി ബിസിനസ്സ്,നാഡി ബ്ലോക്ക് 
-ാം തീയതി,ദിവസമായി
ശരീരത്തിന്റെ സ്ഥാനം,ശരീരത്തിന്റെ ഭാവം 
presented with,ചികിത്സ തേടി എത്തി
complaints of,പരാതികളുമായി
for the past,കഴിഞ്ഞ
examination found,പരിശോധനയിൽ കണ്ടെത്തി
tenderness over,തൊടുമ്പോൾ അനുഭവപ്പെടുന്ന വേദന
blood test revealed,രക്തപരിശോധനയിൽ കണ്ടെത്തി
mild infection,നേരിയ അണുബാധ
lumbar spine area,നട്ടെല്ലിന്റെ താഴത്തെ ഭാഗം
difficult to control,നിയന്ത്രിക്കാൻ ബുദ്ധിമുട്ടുള്ള
multiple therapies,വിവിധ ചികിത്സാരീതികൾ
unsustained response,സ്ഥിരമായ ഫലം ലഭിച്ചില്ല
early signs of,പ്രാരംഭ ലക്ഷണങ്ങൾ
struggling with,ബുദ്ധിമുട്ടുന്നു
background of,രോഗചരിത്രത്തിൽ
revealed a,കണ്ടെത്തി
ഹൈപ്പർടണിന്റെ,രക്താതിമർദ്ദത്തിന്റെ
കാർഡിക്,ഹൃദയസംബന്ധമായ
മാനേജ് മെന്റ ്,ചികിത്സാ പദ്ധതി
റിപോർട്,റിപ്പോർട്ട്
ഹീമോഗ്ലോബിൻസിന്റെ,രക്താതിമർദ്ദത്തിന്റെ
ആൻറിറെട്രോവൈറൽ ഹെപ്പറ്റൈറ്റിസ്,രക്തസമ്മർദ്ദത്തിനുള്ള
ക്ലിനിക്കൽ പരീക്ഷണം,ശാരീരിക പരിശോധനയിൽ
കി.മീ.,mmHg
ചുമട്,ചുമ
പനിയ് ക്കുള്ള,പനിയുടെ കുറവിനായി
ദിവസങ്ങൾക്കും,ദിവസത്തേക്ക്
ആൻറിബയോട്ടിക്കുകൾ,ആന്റിബയോട്ടിക്കുകൾ
മെലിറ്റസ്,പ്രമേഹം
പരാതിപ്പെടുന്നു,അനുഭവപ്പെടുന്നു
നിലനിർത്തുന്ന ആളാണ്,നയിക്കുന്ന വ്യക്തിയാണ്
നിർദ്ദേശിച്ചു,നിർദ്ദേശിക്കുന്നു
for fever,പനിയുടെ കുറവിനായി
treatment plan,ചികിത്സാ പദ്ധതി
antibiotics,ആന്റിബയോട്ടിക്കുകൾ
paracetamol,പാരസെറ്റമോൾ
fever,പനി
cough,ചുമ
changing positions,ശരീരത്തിന്റെ ഭാവം മാറുമ്പോൾ
Epley maneuver,എപ്ലി മാനുവർ 
chronic migraine,വിട്ടുമാറാത്ത മൈഗ്രേൻ
multiple therapies,വിവിധ ചികിത്സാരീതികൾ
difficult to control,നിയന്ത്രിക്കാൻ ബുദ്ധിമുട്ടായിരുന്നു
Botox injections,ബോട്ടോക്സ് കുത്തിവെപ്പുകൾ
bilateral,ഇരുവശങ്ങളിലുമുള്ള
occipital nerve,ഒസിപിറ്റൽ നാഡി
nerve block,നാഡി ബ്ലോക്ക് 
unsustained response,സ്ഥിരമായ ഫലം ലഭിച്ചില്ല
on both,രണ്ടിനും
അവതരിപ്പിച്ചു,റിപ്പോർട്ട് ചെയ്തു
ആ രോഗിയെ പരിശോധിച്ചു,പരിശോധനയിൽ രോഗിക്ക്
മേൽ തൊടുമ്പോഴുള്ള വേദനയോടെ പെരുമാറി,ഭാഗത്ത് തൊടുമ്പോൾ വേദനയുള്ളതായി കണ്ടു
localized lower back pain,നടുവേദന 
radiating to,പടരുന്ന രീതിയിൽ
left buttock,ഇടത് നിതംബത്തിലേക്ക്
for three weeks,മൂന്നാഴ്ചയായി
history of,രോഗചരിത്രമുണ്ട്
managed with,നിയന്ത്രിച്ചുവരുന്നു
oral medication,കഴിക്കുന്ന മരുന്നുകളിലൂടെ
indicating,സൂചിപ്പിക്കുന്നു
good diabetes control,പ്രമേഹം നിയന്ത്രണവിധേയമാണ്
regular follow-up,സ്ഥിരമായ പരിശോധന
respiratory clinic,ശ്വാസകോശ വിഭാഗം ക്ലിനിക്കിൽ
respiratory status,ശ്വാസകോശ നില
ഒരു കടുത്ത അണുബാധയെ,നേരിയ അണുബാധയുള്ളതായി
പ്രമേഹ പ്രമേഹം,പ്രമേഹം
ചരിത്രമാണ് രോഗിക്ക് ഉള്ളത്,രോഗചരിത്രമുണ്ട്
മരുന്നുകളാണ്,മരുന്നുകൾ കഴിക്കുന്നുണ്ട്
അദ്ദേഹം,ഇദ്ദേഹം 
ഇപ്പോൾ,നിലവിൽ
രക്തസമ്മർദം,രക്തസമ്മർദ്ദം
mmHg ആണ്.,mmHg.
വെളിപ്പെടുത്തി,കണ്ടെത്തി
ഇവർ കണ്ടെത്തി,രോഗം സ്ഥിരീകരിച്ചു
ആദ്യകാലക്ഷണങ്ങൾ,പ്രാരംഭ ലക്ഷണങ്ങൾ
വെളിപ്പെടുത്തി,കണ്ടെത്തി
നിയന്ത്രണത്തിൽ,നിയന്ത്രണത്തിനായി
വയസ്സുള്ള വയസ്സുള്ള,വയസ്സുള്ള
ബോട്ടോക് സ്,ബോട്ടോക്സ്
ഇൻജക് ഷനുകളും,കുത്തിവെപ്പുകളും
ചികിത്സാരീതികളെ ,ചികിത്സാരീതികളിലൂടെ 
ആരോഗ്യ പ്രശ് നങ്ങളുടെ,ആരോഗ്യ പ്രശ്നങ്ങളുടെ
ആരോഗ്യവാനായ,ആരോഗ്യവതിയായ
ആരോഗ്യവാനാണ്,ആരോഗ്യവതിയാണ്
ഇന്നുള്ളപ്പോൾ,നിലവിൽ
ചികിത്സയ്ക്കായി ചികിത്സയുടെ ഭാഗമായി ചികിത്സയിൽ,ചികിത്സയുടെ ഭാഗമായി
അയാളുടെ,ഇദ്ദേഹത്തിന്റെ
അദ്ദേഹത്തിന് ഉണ്ട്,ഇദ്ദേഹത്തിനുണ്ട്
മൂക്കൊലിപ്പും,റൈനൈറ്റിസും
നിരന്തരമായ,വിട്ടുമാറാത്ത
സൂചിപ്പിക്കുന്നത് .,സൂചിപ്പിക്കുന്നു.
സാറാ ആൻഡേഴ് സൺ,സാറാ ആൻഡേഴ്സൺ
ഇവർക്കു നൽകിയിരുന്നു,ഇവർക്ക് നൽകിയിരുന്നു
അവളൊരു,ഇവർ
രേഖകൾ പ്രകാരം,രേഖപ്പെടുത്തുന്നു
നമ്മുടെ കണ്ടെത്തലുകളെ,കണ്ടെത്തലുകളുടെ
നിർദ്ദേശിക്കുന്നു,തയ്യാറാക്കുക
രക്തസമ്മർദം,രക്തസമ്മർദ്ദം
ഓക്സിജൻ ഓക്സിജൻ്റെ അളവ്,ഓക്സിജൻ അളവ്
പാരസെറ്റമോളിനും,പാരാസെറ്റമോളും
ആന്റിബയോട്ടിക്കുകൾ,ആന്റിബയോട്ടിക്കുകളും
അനുഭവപ്പെടുന്നു,അനുഭവപ്പെടുന്നതായി റിപ്പോർട്ട് ചെയ്തു
ഹൃദയസംബന്ധമായ,ഹൃദയാരോഗ്യ
ആഴ് ചയ് ക്കുള്ളിൽ,ആഴ്ചയായി
ഒരു പ്രത്യേക ഭാഗത്ത് മാത്രമുള്ള വേദന,നടുവേദന
രോഗിക്ക് ഒരു ചരിത്രമുണ്ട്,രോഗചരിത്രമുണ്ട്
ആയിരുന്നു,ആണ്
സൂചിപ്പിക്കുന്നു.,സൂചിപ്പിക്കുന്നു.
vestibular rehabilitation,വെസ്റ്റിബുലാർ പുനരധിവാസം
rehabilitation exercises,പുനരധിവാസ വ്യായാമങ്ങൾ
fainting,ബോധക്ഷയം
double vision,രണ്ടായി കാണുന്ന അവസ്ഥ
severe headache,കടുത്ത തലവേദന
medical attention,വൈദ്യസഹായം
seek medical attention,ഡോക്ടറെ കാണുക
fatigue,ക്ഷീണം
blood pressure,രക്തസമ്മർദ്ദം
mmHg,mmHg
oxygen saturation,ഓക്സിജൻ്റെ അളവ് 
treatment plan,ചികിത്സാ പദ്ധതി
antibiotics,ആന്റിബയോട്ടിക്കുകൾ
paracetamol,പാരസെറ്റമോൾ
days,ദിവസത്തേക്ക്
hypertension,രക്താതിമർദ്ദം 
currently on,നിലവിൽ കഴിച്ചുകൊണ്ടിരിക്കുന്നു
antihypertensive,രക്തസമ്മർദ്ദത്തിനുള്ള മരുന്ന്
oral hypoglycemic,പ്രമേഹത്തിനുള്ള ഗുളികകൾ
medications,മരുന്നുകൾ
blood pressure,രക്തസമ്മർദ്ദം
clinical examination,ശാരീരിക പരിശോധന
mmHg,mmHg
non-smoker,പുകവലിക്കാത്ത വ്യക്തി
active lifestyle,സജീവമായ ജീവിതശൈലി
generally active,സാമാന്യം സജീവമായ
cardiac health,ഹൃദയാരോഗ്യ സ്ഥിതി
current status,നിലവിലെ സ്ഥിതി
spective commission,
സ്ഥാനമാനങ്ങൾ മാറുമ്പോൾ,ശരീരത്തിന്റെ ഭാവം മാറുമ്പോൾ
എപ്പിലി റേഷൻ,എപ്ലി മാനുവർ
വ്രണനിർവ്വഹണം,പുനരധിവാസം
രണ്ടു കാഴ് ചപ്പാടോ,രണ്ടായി കാണുന്നതോ
തളർന്നുപോകുകയോ,ബോധക്ഷയം ഉണ്ടാകുകയോ
ഇടത് ബട്ടണിലേക്ക്,ഇടത് നിതംബത്തിലേക്ക് 
മാറ്റിവച്ചിരുന്ന,പടരുന്ന രീതിയിലുള്ള
പ്രാദേശികമായി വന്ന രോഗി,ഒരു പ്രത്യേക ഭാഗത്ത് മാത്രമുള്ള വേദന
ഏതു തരത്തിലുള്ള പ്രമേഹരോഗമാണ്,ടൈപ്പ് 2 പ്രമേഹം 
HBAC,HbA1c
പാപപ്രവർത്തകത്വവും,സൈനസൈറ്റിസും
വയസുള്ള,വയസ്സുള്ള 
മനുഷ്യൻ,പുരുഷൻ
ആസ്തിയുടെ മാനേജ്മെന്റ്,ആസ്ത്മ ചികിത്സയ്ക്കായി 
സ്ഥിരമായി തുടരുകയാണ്,ചികിത്സയിൽ തുടരുകയാണ്
അലർജിയുടെ പശ്ചാത്തലവും,അലർജി മൂലമുള്ള മൂക്കൊലിപ്പും
നല്ല പ്രമേഹ നിയന്ത്രണം,പ്രമേഹം നല്ല രീതിയിൽ നിയന്ത്രിച്ചിട്ടുണ്ട്
സൂചിപ്പിക്കുന്നു,എന്ന് സൂചിപ്പിക്കുന്നു
severe persistent asthma,കഠിനമായ ആസ്ത്മ
increasingly difficult,കൂടുതൽ ബുദ്ധിമുട്ടുള്ള
manage,നിയന്ത്രിക്കാൻ
background of,രോഗചരിത്രമുണ്ട്
allergic rhinitis,അലർജിക് റൈനൈറ്റിസ്
chronic sinusitis,വിട്ടുമാറാത്ത സൈനസൈറ്റിസ്
complicate,സങ്കീർണ്ണമാക്കുന്നു
lifestyle,ജീവിതശൈലി
localized,ശരീരത്തിന്റെ ഒരു ഭാഗത്ത് മാത്രമുള്ള
radiating to,മറ്റ് ഭാഗങ്ങളിലേക്ക് പടരുന്ന
left buttock,ഇടത് നിതംബത്തിൽ
three weeks,മൂന്നാഴ്ചയായി
respiratory clinic,ശ്വസന സംബന്ധമായ ക്ലിനിക്കിൽ
severe persistent asthma,കഠിനമായ ആസ്ത്മ
persistent asthma,വിട്ടുമാറാത്ത ആസ്ത്മ
increasingly difficult,കൂടുതൽ ബുദ്ധിമുട്ടുള്ള
allergic rhinitis,അലർജി മൂലമുള്ള മൂക്കൊലിപ്പ്
chronic sinusitis,വിട്ടുമാറാത്ത സൈനസൈറ്റിസ്
complicate,സങ്കീർണ്ണമാക്കുന്നു
respiratory status,ശ്വസന നില
regular follow-up,സ്ഥിരമായ പരിശോധന
managed with,ചികിത്സയിലുള്ള
oral medication,കഴിക്കുന്ന മരുന്നുകൾ 
HbA1c level,HbA1c ലെവൽ
diabetes control,പ്രമേഹ നിയന്ത്രണം
Laboratory findings,ലാബോറട്ടറി പരിശോധനാ ഫലം
indicating,സൂചിപ്പിക്കുന്നു
report documents,റിപ്പോർട്ടിൽ രേഖപ്പെടുത്തിയിരിക്കുന്നു
outline the,തയ്യാറാക്കുക
management plan,ചികിത്സാ പദ്ധതി
based on findings,കണ്ടെത്തലുകളെ അടിസ്ഥാനമാക്കി
recommended based on,അടിസ്ഥാനമാക്കി നിർദ്ദേശിച്ചു
currently struggling,നിലവിൽ ബുദ്ധിമുട്ടുന്നു
diagnosed with,രോഗം സ്ഥിരീകരിച്ചു
struggling,ബുദ്ധിമുട്ടുന്നു
good health,നല്ല ആരോഗ്യം
immediate concerns,അടിയന്തിര പ്രശ്നങ്ങൾ
assessment,പരിശോധന
significant issues,പ്രധാന പ്രശ്നങ്ങൾ
detected,കണ്ടെത്തി
Diagnosis,രോഗനിർണ്ണയം
indicates,സൂചിപ്പിക്കുന്നു
healthy status,ആരോഗ്യസ്ഥിതി
no evidence,ലക്ഷണങ്ങളില്ല
underlying,അടിസ്ഥാനപരമായ
absence,അഭാവം
medication,മരുന്ന്
prescribed,നിർദ്ദേശിച്ചു
at present,നിലവിൽ
appears,കാണപ്പെടുന്നു
medical,വൈദ്യശാസ്ത്രപരമായ